Workbook

Sheet Financiamentos
A1: ID | B1: Cliente | C1: Categoria | D1: Cidade | E1: Valor Financiado | F1: Entrada | G1: Taxa Mensal | H1: Parcelas | I1: Pagamento Mensal | J1: Valor Futuro | K1: Valor Presente | L1: Taxa Calculada | M1: Prazo Necessário | N1: Status | O1: Situação Financeira
A2: 1 | B2: Carlos | C2: Notebook | D2: Campinas | E2: 4500 | F2: 500 | G2: 0.018 | H2: 24 | I2: =PMT(G2,H2,-(E2-F2)) | J2: =FV(G2,H2,-I2) | K2: =PV(G2,H2,-I2) | L2: =RATE(H2,-I2,(E2-F2)) | M2: =NPER(G2,-500,(E2-F2)) | N2: Pago | O2: =IF(I2<200,"Baixa",IF(I2<=400,"Média","Alta"))
A3: 2 | B3: Mariana | C3: Celular | D3: São Paulo | E3: 3200 | F3: 300 | G3: 0.021 | H3: 18 | I3: =PMT(G3,H3,-(E3-F3)) | J3: =FV(G3,H3,-I3) | K3: =PV(G3,H3,-I3) | L3: =RATE(H3,-I3,(E3-F3)) | M3: =NPER(G3,-500,(E3-F3)) | N3: Em Aberto | O3: =IF(I3<200,"Baixa",IF(I3<=400,"Média","Alta"))
A4: 3 | B4: Lucas | C4: Tablet | D4: Campinas | E4: 2800 | F4: 200 | G4: 0.015 | H4: 12 | I4: =PMT(G4,H4,-(E4-F4)) | J4: =FV(G4,H4,-I4) | K4: =PV(G4,H4,-I4) | L4: =RATE(H4,-I4,(E4-F4)) | M4: =NPER(G4,-500,(E4-F4)) | N4: Pago | O4: =IF(I4<200,"Baixa",IF(I4<=400,"Média","Alta"))
A5: 4 | B5: Fernanda | C5: Notebook | D5: Valinhos | E5: 6200 | F5: 1200 | G5: 0.019 | H5: 36 | I5: =PMT(G5,H5,-(E5-F5)) | J5: =FV(G5,H5,-I5) | K5: =PV(G5,H5,-I5) | L5: =RATE(H5,-I5,(E5-F5)) | M5: =NPER(G5,-500,(E5-F5)) | N5: Em Aberto | O5: =IF(I5<200,"Baixa",IF(I5<=400,"Média","Alta"))
A6: 5 | B6: João | C6: Celular | D6: Campinas | E6: 2100 | F6: 100 | G6: 0.025 | H6: 10 | I6: =PMT(G6,H6,-(E6-F6)) | J6: =FV(G6,H6,-I6) | K6: =PV(G6,H6,-I6) | L6: =RATE(H6,-I6,(E6-F6)) | M6: =NPER(G6,-500,(E6-F6)) | N6: Atrasado | O6: =IF(I6<200,"Baixa",IF(I6<=400,"Média","Alta"))
A7: 6 | B7: Ana | C7: Tablet | D7: Hortolândia | E7: 3900 | F7: 500 | G7: 0.017 | H7: 20 | I7: =PMT(G7,H7,-(E7-F7)) | J7: =FV(G7,H7,-I7) | K7: =PV(G7,H7,-I7) | L7: =RATE(H7,-I7,(E7-F7)) | M7: =NPER(G7,-500,(E7-F7)) | N7: Pago | O7: =IF(I7<200,"Baixa",IF(I7<=400,"Média","Alta"))
A8: 7 | B8: Ricardo | C8: Notebook | D8: Campinas | E8: 7200 | F8: 2000 | G8: 0.014 | H8: 48 | I8: =PMT(G8,H8,-(E8-F8)) | J8: =FV(G8,H8,-I8) | K8: =PV(G8,H8,-I8) | L8: =RATE(H8,-I8,(E8-F8)) | M8: =NPER(G8,-500,(E8-F8)) | N8: Em Aberto | O8: =IF(I8<200,"Baixa",IF(I8<=400,"Média","Alta"))
A9: 8 | B9: Patricia | C9: Celular | D9: Sumaré | E9: 1800 | F9: 100 | G9: 0.028 | H9: 8 | I9: =PMT(G9,H9,-(E9-F9)) | J9: =FV(G9,H9,-I9) | K9: =PV(G9,H9,-I9) | L9: =RATE(H9,-I9,(E9-F9)) | M9: =NPER(G9,-500,(E9-F9)) | N9: Pago | O9: =IF(I9<200,"Baixa",IF(I9<=400,"Média","Alta"))
A10: 9 | B10: Felipe | C10: Tablet | D10: Campinas | E10: 2500 | F10: 200 | G10: 0.016 | H10: 15 | I10: =PMT(G10,H10,-(E10-F10)) | J10: =FV(G10,H10,-I10) | K10: =PV(G10,H10,-I10) | L10: =RATE(H10,-I10,(E10-F10)) | M10: =NPER(G10,-500,(E10-F10)) | N10: Em Aberto | O10: =IF(I10<200,"Baixa",IF(I10<=400,"Média","Alta"))
A11: 10 | B11: Juliana | C11: Notebook | D11: Americana | E11: 8400 | F11: 2500 | G11: 0.013 | H11: 60 | I11: =PMT(G11,H11,-(E11-F11)) | J11: =FV(G11,H11,-I11) | K11: =PV(G11,H11,-I11) | L11: =RATE(H11,-I11,(E11-F11)) | M11: =NPER(G11,-500,(E11-F11)) | N11: Pago | O11: =IF(I11<200,"Baixa",IF(I11<=400,"Média","Alta"))
A12: 11 | B12: Rafael | C12: Celular | D12: Campinas | E12: 3100 | F12: 300 | G12: 0.022 | H12: 24 | I12: =PMT(G12,H12,-(E12-F12)) | J12: =FV(G12,H12,-I12) | K12: =PV(G12,H12,-I12) | L12: =RATE(H12,-I12,(E12-F12)) | M12: =NPER(G12,-500,(E12-F12)) | N12: Atrasado | O12: =IF(I12<200,"Baixa",IF(I12<=400,"Média","Alta"))
A13: 12 | B13: Bianca | C13: Tablet | D13: Paulínia | E13: 4300 | F13: 700 | G13: 0.018 | H13: 30 | I13: =PMT(G13,H13,-(E13-F13)) | J13: =FV(G13,H13,-I13) | K13: =PV(G13,H13,-I13) | L13: =RATE(H13,-I13,(E13-F13)) | M13: =NPER(G13,-500,(E13-F13)) | N13: Pago | O13: =IF(I13<200,"Baixa",IF(I13<=400,"Média","Alta"))
... A16: 15 | B16: Eduardo | C16: Tablet | D16: Campinas | E16: 3600 | F16: 600 | G16: 0.019 | H16: 18 | I16: =PMT(G16,H16,-(E16-F16)) | J16: =FV(G16,H16,-I16) | K16: =PV(G16,H16,-I16) | L16: =RATE(H16,-I16,(E16-F16)) | M16: =NPER(G16,-500,(E16-F16)) | N16: Em Aberto | O16: =IF(I16<200,"Baixa",IF(I16<=400,"Média","Alta"))

Sheet Dashboard
A1: Dashboard Financeiro
A3: Total Financiado | B3: =SUM(Financiamentos!E2:E16)
A4: Quantidade de Clientes | B4: =COUNTA(Financiamentos!B2:B16)
A5: Média Geral | B5: =AVERAGE(Financiamentos!E2:E16)
A6: Quantidade Atrasados | B6: =COUNTIF(Financiamentos!N2:N16,"Atrasado")
A7: Maior Financiamento | B7: =MAX(Financiamentos!E2:E16)
A8: Menor Financiamento | B8: =MIN(Financiamentos!E2:E16)
