Workbook

Sheet Projetos
A1: ID | B1: Projeto | C1: Data_Inicio | D1: Prazo_Dias_Uteis | E1: Data_Final | F1: Data_Entrega | G1: Nascimento_Responsavel | H1: Dia da Semana EX1 | I1: EX2 | J1: EX3 | K1: EX4 | L1: EX5 | M1: Ex6 | N1: Ex7 | O1: ex8 | P1: EX9
A2: 1 | B2: Sistema ERP | C2: 21/05/2026 | D2: 15 | F2: 18/06/2026 | G2: 15/08/1998 | H2: =WEEKDAY(C2,2) -> 4 | I2: =WORKDAY(C2,D2,Feriados[Feriados]) -> 46185 | J2: =WORKDAY.INTL(C2,D2,1,Feriados[]) -> 46185 | K2: =NETWORKDAYS(C2,F2,Feriados[]) -> 20 | L2: =NETWORKDAYS.INTL(Projetos!C2,Projetos!F2,1,Feriados[]) -> 20 | M2: =DAYS360(C2,F2) -> 27 | N2: =DATEDIF(G2,TODAY(),"y") -> 27 | O2: =DATEDIF(G2,TODAY(),"M") -> 333 | P2: =DATEDIF(G2,TODAY(),"D") -> 10141
A3: 2 | B3: Website Loja | C3: 25/05/2026 | D3: 10 | F3: 20/06/2026 | G3: 22/03/1995 | H3: =WEEKDAY(C3,2) -> 1 | I3: =WORKDAY(C3,D3,Feriados[Feriados]) -> 46182 | J3: =WORKDAY.INTL(C3,D3,1,Feriados[]) -> 46182 | K3: =NETWORKDAYS(C3,F3,Feriados[]) -> 19 | L3: =NETWORKDAYS.INTL(Projetos!C3,Projetos!F3,1,Feriados[]) -> 19 | M3: =DAYS360(C3,F3) -> 25 | N3: =DATEDIF(G3,TODAY(),"y") -> 31 | O3: =DATEDIF(G3,TODAY(),"M") -> 373 | P3: =DATEDIF(G3,TODAY(),"D") -> 11383
A4: 3 | B4: Aplicativo Mobile | C4: 01/06/2026 | D4: 20 | F4: 05/07/2026 | G4: 10/01/2000 | H4: =WEEKDAY(C4,2) -> 1 | I4: =WORKDAY(C4,D4,Feriados[Feriados]) -> 46203 | J4: =WORKDAY.INTL(C4,D4,1,Feriados[]) -> 46203 | K4: =NETWORKDAYS(C4,F4,Feriados[]) -> 24 | L4: =NETWORKDAYS.INTL(Projetos!C4,Projetos!F4,1,Feriados[]) -> 24 | M4: =DAYS360(C4,F4) -> 34 | N4: =DATEDIF(G4,TODAY(),"y") -> 26 | O4: =DATEDIF(G4,TODAY(),"M") -> 316 | P4: =DATEDIF(G4,TODAY(),"D") -> 9628
A5: 4 | B5: Dashboard BI | C5: 03/06/2026 | D5: 12 | F5: 25/06/2026 | G5: 05/11/1992 | H5: =WEEKDAY(C5,2) -> 3 | I5: =WORKDAY(C5,D5,Feriados[Feriados]) -> 46195 | J5: =WORKDAY.INTL(C5,D5,1,Feriados[]) -> 46195 | K5: =NETWORKDAYS(C5,F5,Feriados[]) -> 16 | L5: =NETWORKDAYS.INTL(Projetos!C5,Projetos!F5,1,Feriados[]) -> 16 | M5: =DAYS360(C5,F5) -> 22 | N5: =DATEDIF(G5,TODAY(),"y") -> 33 | O5: =DATEDIF(G5,TODAY(),"M") -> 402 | P5: =DATEDIF(G5,TODAY(),"D") -> 12250
A6: 5 | B6: Sistema RH | C6: 08/06/2026 | D6: 18 | F6: 10/07/2026 | G6: 30/07/1997 | H6: =WEEKDAY(C6,2) -> 1 | I6: =WORKDAY(C6,D6,Feriados[Feriados]) -> 46205 | J6: =WORKDAY.INTL(C6,D6,1,Feriados[]) -> 46205 | K6: =NETWORKDAYS(C6,F6,Feriados[]) -> 24 | L6: =NETWORKDAYS.INTL(Projetos!C6,Projetos!F6,1,Feriados[]) -> 24 | M6: =DAYS360(C6,F6) -> 32 | N6: =DATEDIF(G6,TODAY(),"y") -> 28 | O6: =DATEDIF(G6,TODAY(),"M") -> 345 | P6: =DATEDIF(G6,TODAY(),"D") -> 10522
A7: 6 | B7: E-commerce | C7: 15/06/2026 | D7: 25 | F7: 28/07/2026 | G7: 14/02/1994 | H7: =WEEKDAY(C7,2) -> 1 | I7: =WORKDAY(C7,D7,Feriados[Feriados]) -> 46224 | J7: =WORKDAY.INTL(C7,D7,1,Feriados[]) -> 46224 | K7: =NETWORKDAYS(C7,F7,Feriados[]) -> 31 | L7: =NETWORKDAYS.INTL(Projetos!C7,Projetos!F7,1,Feriados[]) -> 31 | M7: =DAYS360(C7,F7) -> 43 | N7: =DATEDIF(G7,TODAY(),"y") -> 32 | O7: =DATEDIF(G7,TODAY(),"M") -> 387 | P7: =DATEDIF(G7,TODAY(),"D") -> 11784
A8: 7 | B8: Portal Cliente | C8: 18/06/2026 | D8: 8 | F8: 02/07/2026 | G8: 19/09/1999 | H8: =WEEKDAY(C8,2) -> 4 | I8: =WORKDAY(C8,D8,Feriados[Feriados]) -> 46203 | J8: =WORKDAY.INTL(C8,D8,1,Feriados[]) -> 46203 | K8: =NETWORKDAYS(C8,F8,Feriados[]) -> 11 | L8: =NETWORKDAYS.INTL(Projetos!C8,Projetos!F8,1,Feriados[]) -> 11 | M8: =DAYS360(C8,F8) -> 14 | N8: =DATEDIF(G8,TODAY(),"y") -> 26 | O8: =DATEDIF(G8,TODAY(),"M") -> 320 | P8: =DATEDIF(G8,TODAY(),"D") -> 9741
A9: 8 | B9: Controle Estoque | C9: 22/06/2026 | D9: 30 | F9: 05/08/2026 | G9: 08/12/1991 | H9: =WEEKDAY(C9,2) -> 1 | I9: =WORKDAY(C9,D9,Feriados[Feriados]) -> 46238 | J9: =WORKDAY.INTL(C9,D9,1,Feriados[]) -> 46238 | K9: =NETWORKDAYS(C9,F9,Feriados[]) -> 32 | L9: =NETWORKDAYS.INTL(Projetos!C9,Projetos!F9,1,Feriados[]) -> 32 | M9: =DAYS360(C9,F9) -> 43 | N9: =DATEDIF(G9,TODAY(),"y") -> 34 | O9: =DATEDIF(G9,TODAY(),"M") -> 413 | P9: =DATEDIF(G9,TODAY(),"D") -> 12583

Sheet Feriados
A1: Feriados
A2: 04/06/2026
A3: 09/07/2026
A4: 07/09/2026
A5: 12/10/2026

Sheet Exercicios
A1: ATIVIDADE - FUNÇÕES DE DATA NO EXCEL
A3: Utilize as funções abaixo para resolver os exercícios.
A5: 1) Use DIA.DA.SEMANA para descobrir o dia da semana da Data_Inicio.
A6: 2) Use DIA.TRABALHO para calcular a Data_Final considerando o Prazo_Dias_Uteis.
A7: 3) Use DIA.TRABALHO.INTL considerando sexta e sábado como final de semana.
A8: 4) Use DIA.TRABALHOTOTAL para calcular quantos dias úteis existem entre Data_Inicio e Data_Entrega.
A9: 5) Use DIA.TRABALHOTOTAL.INTL considerando sexta e sábado como final de semana.
A10: 6) Use DIAS360 para calcular os dias comerciais entre Data_Inicio e Data_Entrega.
A11: 7) Use DATADIF para calcular a idade do responsável em anos.
A12: 8) Use DATADIF para calcular quantos meses completos o responsável possui.
A13: 9) Use DATADIF para calcular quantos dias totais o responsável possui desde o nascimento até hoje.
A15: OBS: Utilize a aba 'Feriados' nas funções que permitirem uso de feriados.

Sheet Gabarito
A1: Função | B1: Exemplo de Fórmula
A2: DIA.DA.SEMANA | B2: `=DIA.DA.SEMANA(C2;2)`
A3: DIA.TRABALHO | B3: `=DIA.TRABALHO(C2;D2;Feriados!A2:A5)`
A4: DIA.TRABALHO.INTL | B4: `=DIA.TRABALHO.INTL(C2;D2;7;Feriados!A2:A5)`
A5: DIA.TRABALHOTOTAL | B5: `=DIA.TRABALHOTOTAL(C2;F2;Feriados!A2:A5)`
A6: DIA.TRABALHOTOTAL.INTL | B6: `=DIA.TRABALHOTOTAL.INTL(C2;F2;7;Feriados!A2:A5)`
A7: DIAS360 | B7: `=DIAS360(C2;F2)`
A8: DATADIF Anos | B8: `=DATADIF(G2;HOJE();"Y")`
A9: DATADIF Meses | B9: `=DATADIF(G2;HOJE();"M")
A10: DATADIF Dias | B10: `=DATADIF(G2;HOJE();"D")`
